Name,Region
Afghanistan,Asia
Albania,Europe
Algeria,Africa
Andorra,Europe
Angola,Africa
Antigua and Barbuda,Caribbean
Argentina,South America
Armenia,Asia
Australia,Australia and New Zealand
Austria,Europe
Azerbaijan,Asia
Bahamas,Caribbean
Bahrain,Asia
Bangladesh,Asia
Barbados,Caribbean
Belarus,Europe
Belgium,Europe
Belize,North America
Benin,Africa
Bhutan,Asia
Bolivia,South America
Bosnia and Herzegovina,Europe
Botswana,Africa
Brazil,South America
Brunei,Asia
Bulgaria,Europe
Burkina Faso,Africa
Burundi,Africa
Cambodia,Asia
Cameroon,Africa
Canada,North America
Cape Verde,Africa
Chad,Africa
Chile,South America
China,Asia
Colombia,South America
Comoros,Africa
"Congo, Dem. Rep.",Africa
"Congo, Rep.",Africa
Costa Rica,North America
Cote d'Ivoire,Africa
Croatia,Europe
Cuba,Caribbean
Cyprus,Asia
Denmark,Europe
Djibouti,Africa
Dominica,Caribbean
Ecuador,South America
Egypt,Africa
El Salvador,North America
Equatorial Guinea,Africa
Eritrea,Africa
Estonia,Europe
Ethiopia,Africa
Fiji,Melanesia
Finland,Europe
France,Europe
Gabon,Africa
Gambia,Africa
Georgia,Asia
Germany,Europe
Ghana,Africa
Greece,Europe
Grenada,Caribbean
Guatemala,North America
Guinea,Africa
Guinea-Bissau,Africa
Guyana,South America
Haiti,Caribbean
Honduras,North America
Hungary,Europe
Iceland,Europe
India,Asia
Indonesia,Asia
Iran,Asia
Iraq,Asia
Ireland,Europe
Israel,Asia
Italy,Europe
Jamaica,Caribbean
Japan,Asia
Jordan,Asia
Kazakhstan,Asia
Kenya,Africa
Kiribati,Micronesia
Kuwait,Asia
Latvia,Europe
Lebanon,Asia
Lesotho,Africa
Liberia,Africa
Libya,Africa
Lithuania,Europe
Luxembourg,Europe
"Macedonia, FYR",Europe
Madagascar,Africa
Malawi,Africa
Malaysia,Asia
Maldives,Asia
Mali,Africa
Malta,Europe
Marshall Islands,Micronesia
Mauritania,Africa
Mauritius,Africa
Mexico,North America
"Micronesia, Fed. Sts.",Micronesia
Moldova,Europe
Mongolia,Asia
Morocco,Africa
Mozambique,Africa
Myanmar,Asia
Namibia,Africa
Nauru,Micronesia
Nepal,Asia
Netherlands,Europe
New Zealand,Australia and New Zealand
Nicaragua,North America
Niger,Africa
Nigeria,Africa
Norway,Europe
Oman,Asia
Pakistan,Asia
Palau,Micronesia
Panama,North America
Papua New Guinea,Melanesia
Paraguay,South America
Peru,South America
Philippines,Asia
Poland,Europe
Portugal,Europe
Qatar,Asia
Romania,Europe
Russia,Asia
Rwanda,Africa
Samoa,Polynesia
Sao Tome and Principe,Africa
Saudi Arabia,Asia
Senegal,Africa
Seychelles,Africa
Sierra Leone,Africa
Singapore,Asia
Slovak Republic,Europe
Slovenia,Europe
Solomon Islands,Melanesia
Somalia,Africa
South Africa,Africa
Spain,Europe
Sri Lanka,Asia
Sudan,Africa
Suriname,South America
Swaziland,Africa
Sweden,Europe
Switzerland,Europe
Syria,Asia
Tajikistan,Asia
Tanzania,Africa
Thailand,Asia
Timor-Leste,Asia
Togo,Africa
Tonga,Polynesia
Trinidad and Tobago,Caribbean
Tunisia,Africa
Turkey,Asia
Turkmenistan,Asia
Uganda,Africa
Ukraine,Europe
United Arab Emirates,Asia
United Kingdom,Europe
United States,North America
Uruguay,South America
Uzbekistan,Asia
Vanuatu,Melanesia
Venezuela,South America
Vietnam,Asia
Zambia,Africa
Zimbabwe,Africa
Afghanistan,Asia
Albania,Europe
Algeria,Africa
Andorra,Europe
Angola,Africa
Antigua and Barbuda,Caribbean
Argentina,South America
Armenia,Asia
Australia,Australia and New Zealand
Austria,Europe
Azerbaijan,Asia
Bahamas,Caribbean
Bahrain,Asia
Bangladesh,Asia
Barbados,Caribbean
Belarus,Europe
Belgium,Europe
Belize,North America
Benin,Africa
Bhutan,Asia
Bolivia,South America
Bosnia and Herzegovina,Europe
Botswana,Africa
Brazil,South America
Brunei,Asia
Bulgaria,Europe
Burkina Faso,Africa
Burundi,Africa
Cambodia,Asia
Cameroon,Africa
Canada,North America
Cape Verde,Africa
Chad,Africa
Chile,South America
China,Asia
Colombia,South America
Comoros,Africa
"Congo, Dem. Rep.",Africa
"Congo, Rep.",Africa
Costa Rica,North America
Cote d'Ivoire,Africa
Croatia,Europe
Cuba,Caribbean
Cyprus,Asia
Denmark,Europe
Djibouti,Africa
Dominica,Caribbean
Ecuador,South America
Egypt,Africa
El Salvador,North America
Equatorial Guinea,Africa
Eritrea,Africa
Estonia,Europe
Ethiopia,Africa
Fiji,Melanesia
Finland,Europe
France,Europe
Gabon,Africa
Gambia,Africa
Georgia,Asia
Germany,Europe
Ghana,Africa
Greece,Europe
Grenada,Caribbean
Guatemala,North America
Guinea,Africa
Guinea-Bissau,Africa
Guyana,South America
Haiti,Caribbean
Honduras,North America
Hungary,Europe
Iceland,Europe
India,Asia
Indonesia,Asia
Iran,Asia
Iraq,Asia
Ireland,Europe
Israel,Asia
Italy,Europe
Jamaica,Caribbean
Japan,Asia
Jordan,Asia
Kazakhstan,Asia
Kenya,Africa
Kiribati,Micronesia
Kuwait,Asia
Latvia,Europe
Lebanon,Asia
Lesotho,Africa
Liberia,Africa
Libya,Africa
Lithuania,Europe
Luxembourg,Europe
"Macedonia, FYR",Europe
Madagascar,Africa
Malawi,Africa
Malaysia,Asia
Maldives,Asia
Mali,Africa
Malta,Europe
Marshall Islands,Micronesia
Mauritania,Africa
Mauritius,Africa
Mexico,North America
"Micronesia, Fed. Sts.",Micronesia
Moldova,Europe
Mongolia,Asia
Morocco,Africa
Mozambique,Africa
Myanmar,Asia
Namibia,Africa
Nauru,Micronesia
Nepal,Asia
Netherlands,Europe
New Zealand,Australia and New Zealand
Nicaragua,North America
Niger,Africa
Nigeria,Africa
Norway,Europe
Oman,Asia
Pakistan,Asia
Palau,Micronesia
Panama,North America
Papua New Guinea,Melanesia
Paraguay,South America
Peru,South America
Philippines,Asia
Poland,Europe
Portugal,Europe
Qatar,Asia
Romania,Europe
Russia,Asia
Rwanda,Africa
Samoa,Polynesia
Sao Tome and Principe,Africa
Saudi Arabia,Asia
Senegal,Africa
Seychelles,Africa
Sierra Leone,Africa
Singapore,Asia
Slovak Republic,Europe
Slovenia,Europe
Solomon Islands,Melanesia
Somalia,Africa
South Africa,Africa
Spain,Europe
Sri Lanka,Asia
Sudan,Africa
Suriname,South America
Swaziland,Africa
Sweden,Europe
Switzerland,Europe
Syria,Asia
Tajikistan,Asia
Tanzania,Africa
Thailand,Asia
Timor-Leste,Asia
Togo,Africa
Tonga,Polynesia
Trinidad and Tobago,Caribbean
Tunisia,Africa
Turkey,Asia
Turkmenistan,Asia
Uganda,Africa
Ukraine,Europe
United Arab Emirates,Asia
United Kingdom,Europe
United States,North America
Uruguay,South America
Uzbekistan,Asia
Vanuatu,Melanesia
Venezuela,South America
Vietnam,Asia
Zambia,Africa
Zimbabwe,Africa
Afghanistan,Asia
Albania,Europe
Algeria,Africa
Andorra,Europe
Angola,Africa
Antigua and Barbuda,Caribbean
Argentina,South America
Armenia,Asia
Australia,Australia and New Zealand
Austria,Europe
Azerbaijan,Asia
Bahamas,Caribbean
Bahrain,Asia
Bangladesh,Asia
Barbados,Caribbean
Belarus,Europe
Belgium,Europe
Belize,North America
Benin,Africa
Bhutan,Asia
Bolivia,South America
Bosnia and Herzegovina,Europe
Botswana,Africa
Brazil,South America
Brunei,Asia
Bulgaria,Europe
Burkina Faso,Africa
Burundi,Africa
Cambodia,Asia
Cameroon,Africa
Canada,North America
Cape Verde,Africa
Chad,Africa
Chile,South America
China,Asia
Colombia,South America
Comoros,Africa
"Congo, Dem. Rep.",Africa
"Congo, Rep.",Africa
Costa Rica,North America
Cote d'Ivoire,Africa
Croatia,Europe
Cuba,Caribbean
Cyprus,Asia
Denmark,Europe
Djibouti,Africa
Dominica,Caribbean
Ecuador,South America
Egypt,Africa
El Salvador,North America
Equatorial Guinea,Africa
Eritrea,Africa
Estonia,Europe
Ethiopia,Africa
Fiji,Melanesia
Finland,Europe
France,Europe
Gabon,Africa
Gambia,Africa
Georgia,Asia
Germany,Europe
Ghana,Africa
Greece,Europe
Grenada,Caribbean
Guatemala,North America
Guinea,Africa
Guinea-Bissau,Africa
Guyana,South America
Haiti,Caribbean
Honduras,North America
Hungary,Europe
Iceland,Europe
India,Asia
Indonesia,Asia
Iran,Asia
Iraq,Asia
Ireland,Europe
Israel,Asia
Italy,Europe
Jamaica,Caribbean
Japan,Asia
Jordan,Asia
Kazakhstan,Asia
Kenya,Africa
Kiribati,Micronesia
Kuwait,Asia
Latvia,Europe
Lebanon,Asia
Lesotho,Africa
Liberia,Africa
Libya,Africa
Lithuania,Europe
Luxembourg,Europe
"Macedonia, FYR",Europe
Madagascar,Africa
Malawi,Africa
Malaysia,Asia
Maldives,Asia
Mali,Africa
Malta,Europe
Marshall Islands,Micronesia
Mauritania,Africa
Mauritius,Africa
Mexico,North America
"Micronesia, Fed. Sts.",Micronesia
Moldova,Europe
Mongolia,Asia
Morocco,Africa
Mozambique,Africa
Myanmar,Asia
Namibia,Africa
Nauru,Micronesia
Nepal,Asia
Netherlands,Europe
New Zealand,Australia and New Zealand
Nicaragua,North America
Niger,Africa
Nigeria,Africa
Norway,Europe
Oman,Asia
Pakistan,Asia
Palau,Micronesia
Panama,North America
Papua New Guinea,Melanesia
Paraguay,South America
Peru,South America
Philippines,Asia
Poland,Europe
Portugal,Europe
Qatar,Asia
Romania,Europe
Russia,Asia
Rwanda,Africa
Samoa,Polynesia
Sao Tome and Principe,Africa
Saudi Arabia,Asia
Senegal,Africa
Seychelles,Africa
Sierra Leone,Africa
Singapore,Asia
Slovak Republic,Europe
Slovenia,Europe
Solomon Islands,Melanesia
Somalia,Africa
South Africa,Africa
Spain,Europe
Sri Lanka,Asia
Sudan,Africa
Suriname,South America
Swaziland,Africa
Sweden,Europe
Switzerland,Europe
Syria,Asia
Tajikistan,Asia
Tanzania,Africa
Thailand,Asia
Timor-Leste,Asia
Togo,Africa
Tonga,Polynesia
Trinidad and Tobago,Caribbean
Tunisia,Africa
Turkey,Asia
Turkmenistan,Asia
Uganda,Africa
Ukraine,Europe
United Arab Emirates,Asia
United Kingdom,Europe
United States,North America
Uruguay,South America
Uzbekistan,Asia
Vanuatu,Melanesia
Venezuela,South America
Vietnam,Asia
Zambia,Africa
Zimbabwe,Africa